<?xml version="1.0" encoding="UTF-8"?>
<extension version="3.0" type="plugin" group="system" method="upgrade">	
	<name>System - HTTP Login</name>
	<author>Buddhima Wijeweera</author>
	<creationDate>23 April 2013</creationDate>
	<copyright>(C) 2013 Buddhima Wijeweera</copyright>
	<license>GNU/GPL</license>
	<authorEmail>buddhimawijeweera@yahoo.com</authorEmail>
	<description>User can use http basic authentication, encrypted passwords or plain text password to login to Joomla (both back-end and front-end)</description>
	<version>1.0.0</version>
	<files>
		<filename plugin="httplogin">httplogin.php</filename>
	</files>
	<config>
	<fields name="params">
		<fieldset name="basic">
			<field name="authmethod" type="radio" default="1" label="Password Sending Method" description="User can send password using one of these methods">
				<option value="0">Basic HTTP Authentication</option>
				<option value="1">MD5 Hashed with Salt</option>
				<option value="2">Plain Text</option>
			</field><field name="redirect" type="text" default="" label="URL to redirect after user logged (if required)" description="After a user logged in, page wil be directed to this page"/>
			
		</fieldset>
	</fields>
	</config>
</extension>
